<?xml version="1.0"?>
<libraries>
  <library>
    <location>../boost/scss/bootstrap/</location>
    <name>Twitter Bootstrap</name>
    <license>MIT</license>
    <version>4.5.0</version>
    <licenseversion></licenseversion>
  </library>
  <library>
    <location>../boost/amd/src/bootstrap/alert.js</location>
    <name>bootstrap-alert</name>
    <license>(MIT)</license>
    <version>v4.5.0</version>
    <licenseversion></licenseversion>
  </library>
  <library>
    <location>../boost/amd/src/bootstrap/button.js</location>
    <name>bootstrap-button</name>
    <license>(MIT)</license>
    <version>v4.5.0</version>
    <licenseversion></licenseversion>
  </library>
  <library>
    <location>../boost/amd/src/bootstrap/carousel.js</location>
    <name>bootstrap-carousel</name>
    <license>(MIT)</license>
    <version>v4.5.0</version>
    <licenseversion></licenseversion>
  </library>
  <library>
    <location>../boost/amd/src/bootstrap/collapse.js</location>
    <name>bootstrap-collapse</name>
    <license>(MIT)</license>
    <version>v4.5.0</version>
    <licenseversion></licenseversion>
  </library>
  <library>
    <location>../boost/amd/src/bootstrap/dropdown.js</location>
    <name>bootstrap-dropdown</name>
    <license>(MIT)</license>
    <version>v4.5.0</version>
    <licenseversion></licenseversion>
  </library>
    <library>
    <location>../boost/amd/src/bootstrap/index.js</location>
    <name>bootstrap-util</name>
    <license>(MIT)</license>
    <version>v4.5.0</version>
    <licenseversion></licenseversion>
  </library>
  <library>
    <location>../boost/amd/src/bootstrap/modal.js</location>
    <name>bootstrap-modal</name>
    <license>(MIT)</license>
    <version>v4.5.0</version>
    <licenseversion></licenseversion>
  </library>
  <library>
    <location>../boost/amd/src/bootstrap/popover.js</location>
    <name>bootstrap-popover</name>
    <license>(MIT)</license>
    <version>v4.5.0</version>
    <licenseversion></licenseversion>
  </library>
  <library>
    <location>../boost/amd/src/bootstrap/tools/sanitizer.js</location>
    <name>bootstrap-sanitizer</name>
    <license>(MIT)</license>
    <version>v4.5.0</version>
    <licenseversion></licenseversion>
  </library>
  <library>
    <location>../boost/amd/src/bootstrap/scrollspy.js</location>
    <name>bootstrap-scrollspy</name>
    <license>(MIT)</license>
    <version>v4.5.0</version>
    <licenseversion></licenseversion>
  </library>
  <library>
    <location>../boost/amd/src/bootstrap/tab.js</location>
    <name>bootstrap-tab</name>
    <license>(MIT)</license>
    <version>v4.5.0</version>
    <licenseversion></licenseversion>
  </library>
  <library>
    <location>../boost/amd/src/bootstrap/toast.js</location>
    <name>bootstrap-toast</name>
    <license>(MIT)</license>
    <version>v4.5.0</version>
    <licenseversion></licenseversion>
  </library>
  <library>
    <location>../boost/amd/src/bootstrap/tooltip.js</location>
    <name>bootstrap-tooltip</name>
    <license>(MIT)</license>
    <version>v4.5.0</version>
    <licenseversion></licenseversion>
  </library>
  <library>
    <location>../boost/amd/src/bootstrap/util.js</location>
    <name>bootstrap-util</name>
    <license>(MIT)</license>
    <version>v4.5.0</version>
    <licenseversion></licenseversion>
  </library>
  <library>
    <location>../boost/scss/fontawesome/</location>
    <name>Font Awesome by Dave Gandy - http://fontawesome.io</name>
    <license>Documentation: CC BY 3.0, Fonts: SIL OFL 1.1, Code: MIT License</license>
    <version>4.7.0</version>
    <licenseversion></licenseversion>
  </library>
  <library>
    <location>./jquery/jquery-easing-min.js</location>
    <name>jQuery Easing - http://gsgd.co.uk/sandbox/jquery/easing/</name>
    <license>Open source under the BSD License.  Copyright  2008 George McGinley Smith.</license>
    <version>1.4.1</version>
    <licenseversion></licenseversion>
  </library>
  <library>
    <location>./jquery/jquery-flexslider-min.js</location>
    <name>jQuery FlexSlider - https://github.com/woocommerce/FlexSlider</name>
    <license>GPL.  Copyright 2012 WooThemes.  Contributing Author: Tyler Smith.</license>
    <version>2.4.0</version>
    <licenseversion>2.0</licenseversion>
  </library>
  <library>
    <location>./jquery/pace-min.js</location>
    <name>Pace - https://github.com/CodeByZach/pace</name>
    <license>MIT</license>
    <version>1.0.2</version>
    <licenseversion></licenseversion>
  </library>
  <library>
    <location>./jquery/tickerme.js</location>
    <name>jQuery Tickerme Plugin - https://github.com/gluhbirne/TickerMePink</name>
    <license>None stated, see: https://github.com/gluhbirne/TickerMePink</license>
    <version>1.0</version>
    <licenseversion></licenseversion>
  </library>
</libraries>


